id,question,level,,,,
1, About what proportion of the population of the US is living on farms?,1,,,,
2, Correctly label the brain lobes indicated on the diagram below,1,,,,
3, Define compound interest,1,,,,
4, Define four types of traceability,1,,,,
5, Define mercantilism,1,,,,
6," Define stream bank, floodplain and substrate",1,,,,
7, Define the meaning of the Olympic Motto,1,,,,
8, Draw and label a diagram of a typical stream,1,,,,
9, Draw the basic outline of a page of notes using the Cornell Method?,1,,,,
10, Draw the block diagram of the central processing unit,1,,,,
11, Draw the flow chart of the PNK system,1,,,,
12, How many instructions in the instruction set of RISC computer?,1,,,,
13, How many kilometers from your home to the university,1,,,,
14, How many loop statement available in c++?,1,,,,
15, How many states are there in USA,1,,,,
16, How many years does this animal live?,1,,,,
17, How much data can be stored in the cach memory,1,,,,
18, How much did he pay for his car,1,,,,
19, How much is your weight,1,,,,
20, How much time did he took to build a house,1,,,,
21, How much water does an elephant drink,1,,,,
22, Identify a phrase as a simile,1,,,,
23," Identify a property (commutative, additive, etc(",1,,,,
24, Identify fractions from a pictorial representation,1,,,,
25, Identify ordinal positions,1,,,,
26, Identify the correct definition of osmosis,1,,,,
27, Identify the five major prophets of the Old Testament,1,,,,
28, Identify the part of a eukaryotic cell,1,,,,
29, Identify the standard peripheral components of a computer,1,,,,
30, Identify which word begins with the same sound as the s in sun (Knowledge of letter s),1,,,,
31, in which continent does the state of suriname fall,1,,,,
32, in which countries is arabic language spoken,1,,,,
33, In Which part of the world does he live,1,,,,
34, Label any Olympic sporting apparatus with design features,1,,,,
35, Label the parts of the following insects: Grasshopper,1,,,,
36,  Label the parts of the microscope shown on the right,1,,,,
37, List four types of clauses mentioned in the article,1,,,,
38, List reserved words in C programming,1,,,,
39, List the characteristics peculiar to the Cubist movement,1,,,,
40, List the levels in Bloom's Taxonomy,1,,,,
41, List the procedure to draw a mixed potential or Evans' diagram,1,,,,
42, List the steps involved in titration,1,,,,
43, List three characteristics that are unique to the Cubist movement,1,,,,
44, List three predominant economic systems that exist,1,,,,
45, Look at the symbol,1,,,,
46, Make a list of facts you learned from the story,1,,,,
47, Name 5 steps that follow the taking of notes (within 24 hours or less)?,1,,,,
48, Name the artist who painted the Mona Lisa,1,,,,
49, Name the food groups and at least two items of food in each group,1,,,,
50, Name the four major food groups,1,,,,
51, Name the main characters in the story,1,,,,
52, Name the property that states that,1,,,,
53, Please label the diagram below:,1,,,,
54, Recall basic math facts,1,,,,
55, Recall locations of a historical events,1,,,,
56, Recall the definition of the formula datatype from your assignment 2,1,,,,
57, Recall the equation for the Ideal Gas Law,1,,,,
58, Recall the following pictoral example of an implementation of some queue operations,1,,,,
59, recall the supply voltage constraints,1,,,,
60, Recite a policy of immigration in Europe ,1,,,,
61," Recite the poem ""Auto Wreck""",1,,,,
62, Recite the principles of the Data Protection Act,1,,,,
63, Recite the the Gaussian law,1,,,,
64, State four attributes of well engineered software,1,,,,
65, State how to find a word in a dictionary,1,,,,
66, State the characteristics of each type of corrosion testing studied,1,,,,
67, State the definition of application in Bloom's Taxonomy,1,,,,
68, State the formula for the area of a circle,1,,,,
69, State the guidelines to design an anodic protection system,1,,,,
70, State the pattern for expressing time in French,1,,,,
71, State the rule for balls and strikes in baseball,1,,,,
72, State the rule for using a semicolon in a sentence,1,,,,
73, What are major facts about particular cultures and societies,1,,,,
74, What are the major products and exports of countries,1,,,,
75, What are the representational symbols on maps and charts,1,,,,
76, What are the structure or functions of Congress,1,,,,
77, What are the units of corrosion penetration rates? Relate these to Faraday's law,1,,,,
78, What does ICT stands for,1,,,,
79, What is  your family name,1,,,,
80, What is a global variable?,1,,,,
81, What is a textual index,1,,,,
82, What is the setting of To Kill a Mockingbird?,1,,,,
83, What is the title of the first movie you saw,1,,,,
84, What season are we in right now?,1,,,,
85, when did saudi arabia start using internet,1,,,,
86, when did the first saudi radio station open,1,,,,
87, When did the second world war happen,1,,,,
88, When did you born ?,1,,,,
89, when was the first airport in the yemen built,1,,,,
90, when was the UN formed,1,,,,
91, Which of the following is the method for determining the volume of a cylinder?,1,,,,
92, Which of the following item does not belong to the set ?,1,,,,
93, Which of the two liquids is hypotonic,1,,,,
94, which part of a data packet is used by a router to determine the destination network,1,,,,
95, Which technology is used by laser printer,1,,,,
96, Who is the first president   of USA,1,,,,
97, who is the founder of the kingdom of saudi Arabia,1,,,,
98, who was the first man on the moon,1,,,,
99, who was the first to compose in the arts of makamat,1,,,,
100, Who was the writer of the Hamilton,1,,,,
101, Compare Calliope with Howie,2,,,,
102, Compare historical events to contemporary situations,2,,,,
103, Complete an analogy (analogy tasks are inference tasks),2,,,,
104, Describe 4 types of coupling in software design,2,,,,
105, Describe how Phillip and Timothy survived on the Cay,2,,,,
106, Describe in prose what is shown in graph form,2,,,,
107, Describe in your own words how to borrow a book from the library,2,,,,
108, Describe in your own words how to copy text from one program into another,2,,,,
109, Describe in your own words what happens when a stream's velocity slows,2,,,,
110, Describe in your own words what is meant by a sprained ankle,2,,,,
111, Describe nuclear transport to a lay person,2,,,,
112, Describe the Pareto Principle in statistical software quality assurance,2,,,,
113, Describe what goes in each of the four areas on the first page of notes,2,,,,
114, Describe what took place as the Hato was sinking,2,,,,
115, Describe how the linear polarization method can yield corrosion rates,2,,,,
116, Describe the major clinical differences between visceral and somatic pain,2,,,,
117, Briefly describe the author's approach to the liabilities of the GOTO statement,2,,,,
118, Describe what happened at,2,,,,
119, Determine the author's point of view,2,,,,
120, Determine the next number in a sequence,2,,,,
121, Discuss the nature of socialism,2,,,,
122, Explain how Timothy saved Phillip's life,2,,,,
123, Explain in one's own words how to create a query in a database,2,,,,
124, Explain in your own words what a recessive gene is,2,,,,
125, Explain in your own words what do you mean by the term economics?,2,,,,
126, Explain in your own words what is meant by mercantilism,2,,,,
127, Explain the causes of historical events,2,,,,
128, Explain the communicative property,2,,,,
129," Explain the double meaning the author attributes to the term ""successive action descriptions""",2,,,,
130, Explain the possible uses described in class for the space to the left of the vertical line,2,,,,
131, Explain the process (paraphrase) for finding the perimeter of a rectangular garden,2,,,,
132, Explain what a poem means,2,,,,
133," Explain what the author means by the statement ""our intellectual powers are geared to master static relations",2,,,,
134, Express your opinion of 'Drugs in Sport' through poetry,2,,,,
135, From a blueprint to describe the article depicted,2,,,,
136," Given a graph of production trends in automobiles, describe what the graph represents in a memo to your boss",2,,,,
137," Given these five corrosion inhibitors, V, W, X, Y, Z, identify which are passivators",2,,,,
138," Illustrate this caption: ""Olympic as a Media Event in the Information Society""",2,,,,
139, Illustrate what you think the main idea was,2,,,,
140, In one sentence explain the main idea of a written passage,2,,,,
141, In one sentence illustrate the main point of a written passage,2,,,,
142, Interpret the pictures,2,,,,
143, Outline in your own words how the Leggo's Tomato Paste advertisement sells their product,2,,,,
144, Outline the most important insight of the tale,2,,,,
145, Outline the mechanisms employed by bacteria allowing them to evade phagocytic destruction,2,,,,
146," Outline an ""attack plan"" that will allow you to test your hypothesis using computational molecular modeling tools",2,,,,
147, Paraphrase an important speech,2,,,,
148, Paraphrase what Hamlet is saying in his soliloquy,2,,,,
149, Paraphrase the poem in your own words,2,,,,
150," Paraphrase this poem about Sheik Schubli, explaining what he was saying about the characteristics of a friend",2,,,,
151, Describe the output of this program fragment:,2,,,,
152, Classify types of corrosion inhibitors,2,,,,
153,  would you classify the zener diode in this circuit as a series voltage regulator or a shunt voltage regulator,2,,,,
154," Classify the following protocols: IP, TCP, HTTP according to the ISO OSI classification",2,,,,
155," Classify the following substances as particle, atom, element, molecule, compound",2,,,,
156, How would you classify the geographic location of your school,2,,,,
157, Classify animals into two groups,2,,,,
158, Classify celebrations into family and community categories,2,,,,
159, Classify frogs toads and other amphibians,2,,,,
160, Restate main idea of story in own words,2,,,,
161, Restate the Olympic motto in your own words,2,,,,
162, Retell the story in your words,2,,,,
163, Rewrite the principles of test writing,2,,,,
164, Rewrite you predicted equation for the ideal gas law,2,,,,
165, Rewrite the markov matrix to account for this slight change,2,,,,
166," Rewrite the sentence in your head, following the direction given below",2,,,,
167, Rewrite a part in the poem using a different speaker,2,,,,
168, Select the best title for a passage,2,,,,
169, State in your own words the rule for balls and strikes in baseball,2,,,,
170, State in your own words where in the library to find previous issues of journals that are no longer in the display racks,2,,,,
171, Can you state in your own words what the problem is asking you to do,2,,,,
172, State in your own words what the author means when he says,2,,,,
173, Summarize a historical document,2,,,,
174, Summarize a story in own words,2,,,,
175, Summarize Jem's beliefs about Boo Radley,2,,,,
176, Summarize the basic tenets of collaborative conservation,2,,,,
177, Summarize the basic tenets of deconstructionism,2,,,,
178, Summarize this magazine article,2,,,,
179, Tell how Phillip kept himself alive after Timothy died,2,,,,
180, Tell in your own words how the setting of the story made it more interesting,2,,,,
181, Tell in your own words the beginning of the book,2,,,,
182," In your own words, tell what is meant by the definition of an isosceles triangle",2,,,,
183," In your own words, how would you define transferable skills",2,,,,
184, Translate a written text aloud from L2 to English,2,,,,
185, Translate an equation into a computer spreadsheet,2,,,,
186, Translate an equation into a spreadsheet formula,2,,,,
187, Translate the following passage from The Iliad into English,2,,,,
188, Use the E-pH or Pourbaix diagram of Cr to determine the control current and potential for the anodic protection of a S43000 stainless steel vessel,2,,,,
189,"  Compare and contrast two treatments of either drapery or animals by Greek sculptors, establishing their artistic contexts",2,,,,
190,"  Briefly compare this way of testing the satisfiability of to the more standard way using SLD Resolution, as in Prolog",2,,,,
191,  How would you compare SAS with the Visual Basic Application and SPSS for the processing and analysis of mainframe data,2,,,,
192,   Describe and compare the role of Islamic law in the legal systems of Malaysia and Pakistan,2,,,,
193, Express the rule in function notation,2,,,,
194, Express the following systems in matrix form,2,,,,
195, Express the following percentages as fractions in simplest form,2,,,,
196, Explain the whole method of crushing,2,,,,
197," In your own words, how would you summarize the story up",2,,,,
198, Summarize the main point of these two texts in your own words,2,,,,
199, Outline the aim of two studies within the,2,,,,
200,  Outline your experience in working with service users,2,,,,
201, Apply laws of statistics to evaluate the reliability of a written test,3,,,,
202, Apply shading to produce depth in drawing,3,,,,
203, Apply the rule of law to a new situation,3,,,,
204, Apply the storytelling technique here to a little story of your own,3,,,,
205, Apply your understanding the Olympic spirit to develop a new motto or slogan,3,,,,
206, Show the value of x after running this program fragment,3,,,,
207, Calculate for x in the following equation: 12x=36,3,,,,
208, Calculate the deflection of a beam under uniform loading,3,,,,
209, Calculate the number of sacrificial anodes that would be required to form a calcareous deposit on a steel pile immersed in seawater,3,,,,
210, Calculate the rate of habitat fragmentation within the Colorado Front Range in the last decade,3,,,,
211, Can you apply the method used to some experience of your own ,3,,,,
212, Can you group by characteristics such as ,3,,,,
213, Categorise the pictures and add them to the wall display,3,,,,
214, Choose a country that does not compete at the Olympics and explain why that country is not an Olympic member,3,,,,
215, Choose any U,3,,,,
216, Compute the area of actual circles,3,,,,
217, Compute the volume of a cylinder,3,,,,
218, Construct a model to demonstrate how it will work,3,,,,
219, Demonstrate how the seasons occur,3,,,,
220, Demonstrate how this could work in an industry setting?,3,,,,
221, Demonstrate using the OPAC and your knowledge of library organization to find a book about turtles,3,,,,
222, Demonstrate how your unit's specific student learning outcomes are linked to the mission of UAM,3,,,,
223, Derive a kinetic model from experimental data,3,,,,
224, Describe an experiment to answer the question of the effects of weight on the fall of an object,3, ,,,
225, Construct a market strategy for your product using a known strategy as a model,3, ,,,
226, Construct a simple payroll program that computes net pay for those working 40 hours or less and net pay for those working over 40 hours,3,,,,
227, Draw a picture of the bears' house,3,,,,
228, Draw a picture of the gown Cinderella wore to the ball,3,,,,
229," From the information given, can you develop a set of instructions about ",3,,,,
230, How could someone modify the Cornell Method to make it effective for researching a topic for a paper?,3,,,,
231, How might lifestyles in the United States be modified if a more socialistic system were adopted?,3,,,,
232," If notes are available on the professor's website, how should those notes be used?",3,,,,
233," In a teaching simulation with your peers role-playing 6th grade students, demonstrate the principle of reinforcement in classroom interactions and prepare a half page description of what happened during the simulation that validated the principle",3,,,,
234, Make a diorama to illustrate an important event,3,,,,
235, Make a paper-mache map to include relevant information about an event,3,,,,
236, Make a scrapbook about the areas of study,3,,,,
237, Make up a puzzle game using the ideas from the study area,3,,,,
238, Model an Olympic Village for the new Millenium,3,,,,
239, Participate in a mock election,3,,,,
240, Predict what happens to X if Y increases,3,,,,
241, Pretend you are one of the characters in the book,3,,,,
242, Relate the principle of reinforcement to classroom interactions,3,,,,
243, Relate topographic map to field features,3, ,,,
244, Relate your most powerful story where your use of technology in the classroom has yielded a significant outcome with a student or students,3,,,,
245, How would you relate position concept with position strategy,3,,,,
246," Show, through role-play, the final scene in the novel",3,,,,
247, Solve a math problem using familiar procedure or formula,3,,,,
248, Solve for the ten following fraction multiplication problems,3,,,,
249, Would you solve these two problems using similar approaches,3,,,,
250, Use Laplace to solve the following problems,3,,,,
251, Can you solve the following problem,3,,,,
252, How to specify the impact energy and impact test temperature of the material in the Code,3,,,,
253, Specify the thickness of a galvanized coating based on atmospheric data? (level 2),3,,,,
254, Specify the thickness of a galvanized coating based on atmospheric data? (level 2),3,,,,
255, How does one specify the syntactical restrictions,3,,,,
256, Specify a deterministic finite automaton (DFA) recognizing the,3,,,,
257, Take a collection of photographs to demonstrate a particular point,3,,,,
258, Use a costing model to compute prices on goods to maximise profits and minimise costs,3,,,,
259, Use a manual to calculate an employee's vacation time,3,,,,
260, Use the distance travelled and cost of petrol to calculate the cost of a coach trip using a spreadsheet,3,,,,
261, Use the rule for a semicolon in a sentence,3,,,,
262, What factors would you change if ,3,,,,
263, What questions would you ask if ,3,,,,
264, Who can use what we know about sonnets and finish this poem?,3,,,,
265, Would this information be useful if you had a ,3,,,,
266,  Sketch a prediction of the field lines for the arrangement of electrodes shown in Figure 2,3,,,,
267, Sketch the blackbody curves for radiation emitted from the Sun and the Earth,3,,,,
268, Sketch a typical absorption process in a packed column with regeneration in form of,3,,,,
269,  sketch a graph of velocity versus time for the upward and downward parts of a ball's flight,3,,,,
270, How do teenagers use code in emails and instant messages?,3,,,,
271,  Use the second-derivative test to determine whether critical points where f0(x) = 0 yield relative maxima or relative minima,3,,,,
272,   Use the unification algorithm to determine whether the following two terms are uni_able,3,,,,
273, Use tableau methods to prove that the following tableau is valid,3,,,,
274, Use a sketch too find the exact value of each expression,3,,,,
275, Use Gauss' Law to find the electric field between the plates when the charge on them is Q,3,,,,
276,  What happens if you restrict a determinental process to a subset R  S?,3, ,,,
277, What would happen if the rainfall doubled in your state next year,3, ,,,
278, What happens if you change the direction of the displacement (but not its size)?,3,,,,
279, What would you do if a heavy growth of bacteria had occurred,3, ,,,
280, What would result if ,3,,,,
281, What approach would you use to prove the truth of the below statement,3,,,,
282,  Construct one Turing Machine for computing each of the following functions,3,,,,
283, Construct a Venn diagram to determine the validity of the given argument,3,,,,
284, Construct a dictionary and a truth table to determine if the following statements are logically equivalent,3,,,,
285," How can we construct H given I, B and E?",3,,,,
286,  Construct a family of networks to demonstrate that the number of different mincuts in a network can be exponential in the size of the network,3,,,,
287,  How do you construct foliations on a given manifold M?,3,,,,
288, How to Construct the Optimal Maintenance Problem,3,,,,
289, How to construct simple solutions when problems are complex?,3,,,,
290, Construct the 4-Bit Ripple carry Adder Circuit,3,,,,
291, Construct an analog circuit with the following specifications,3,,,,
292, Construct the Data Path of the RISC Processor given in the previous question,3,,,,
293, How do we construct agents that can deliver,3,,,,
294, How to construct the selected information system,3,,,,
295, Show how they have used creative writing strategies appropriate to the format,3,,,,
296, Show how to modify Fitch's algorithm given in class today to accommodate non-binary,3,,,,
297, Show how E-CRM can be used to improve marketing positioning as explained in the article,3,,,,
298, How would you show your understanding of the ABC process,3,,,,
299, Show me how you would check the brake lights are working on this car,3,,,,
300, Analyze safe and dangerous aspects of these features,4,,,,
301, Analyze the characteristics of frogs,4,,,,
302, Analyze the movements and sounds of a frog,4,,,,
303," Analyze the problem, identifying its variables",4,,,,
304, Break down the components of a standard film camera and explain how they interact to make the machine work,4,,,,
305, Break down the main actions of the story,4,,,,
306," By comparing the map of the tectonic plates to the earthquake map, what inferences can you make?",4,,,,
307, Can you compare your ,4,,,,
308, Can you distinguish between ,4,,,,
309, Can you explain what must have happened when ,4,,,,
310, Can you find four different feelings Pa Lia had during the story?,4,,,,
311, Compare and contrast animals that the class has made,4,,,,
312, Compare and contrast our school to other communities,4,,,,
313," Compare and contrast preview questions, clarifying questions and anticipated exam questions, including how each relates to the notetaking process?",4,,,,
314, Compare and contrast the waterfall model with the prototyping model,4,,,,
315, Compare and contrast two characters in the book,4,,,,
316, Compare fall and spring,4,,,,
317, Compare herbatious and carnivorous animals on a Venn diagram,4,,,,
318, Compare how different children come to school,4,,,,
319, Compare the place where the story happened with where you live,4,,,,
320, Compare this book to the last book you read,4,,,,
321, Compare three celebrations using a Venn diagram,4,,,,
322, Compare two dog food commercials,4,,,,
323, Compare two of the characters in this book,4,,,,
324, Conduct an investigation to produce information to support a view,4,,,,
325, Contrast building in the coastal zone with building in a river floodplain,4,,,,
326, Contrast Olympic athletes of today with athletes of past Olympic games,4,,,,
327, Differentiate between ,4, ,, , 
328, Differentiate printf function calls for displaying prompts and for echoing data,4, ,,,
329, Distinguish between micro and macro economics,4, ,,,
330, Distinguish facts from hypotheses,4,,,,
331," Divide the story into initiating event, rising action, climax, and falling action",4,,,,
332," Examine what helps to make a good Olympics? Think about money, schedules, sports and people",4,,,,
333," Explain the term conjugal families, by making reference to the different types of societies to which they could belong",4,,,,
334, analyze the positive and negative points presented concerning the abolition of guns and write a brief (2-3page) narrative of your analysis,4,,,,
335," Differentiate the passages that attacked a political opponent personally, and those that attacked an opponent's political programs",4,,,,
336, How does your pet differ from other animals?,4,,,,
337, How does,4,,,,
338, How is ,4,,,,
339, How was life different in your town 100 years ago?,4,,,,
340, How was this similar to ,4,,,,
341, How would this story be different if it had happened in a different country?,4,,,,
342, How would you distinguish between polymyositis and viral myositis in a 42-year-old man with weakness and a rash?,4,,,,
343," If your story happened in a foreign land, compare that land to the United States",4,,,,
344," If your story occurred long ago, compare that time with today in a good paragraph",4,,,,
345, Investigate innovations that can enhance future Olympics,4,,,,
346, Make a diagnosis or analyze a case study,4,,,,
347, Select the athlete of the century and analyze why you chose this person,4,,,,
348," If interest were compounded monthly instead of daily, what would the difference in interest be?",4,,,,
349, What are the parts or features of,4,,,,
350, Distinguish between the following giving suitable examples,4,,,,
351, Distinguish between abstract date types (ADTs) and implementations of ADTs,4,,,,
352,"  How do you distinguish between the binge-eating/purging type of anorexia nervosa and bulimia nervosa, purging type",4,,,,
353, How does Tdap differ from Td vaccine,4,,,,
354, How does autonomy differ with age,4,,,,
355, In what ways do female offenders differ from male offenders,4,,,,
356, in what ways trajectory patterns differ according to ABC,4,,,,
357, How do psychologists differ in their general attitudes toward third party presence,4,,,,
358, How did Chinese newspapers differ from US,4, ,,, 
359, How does public health reporting differ today from reporting two years before,4,,,,
360, How does an endorsement differ from a teaching certificate,4, ,,,
361, How do we differentiate between genuine buyer and undercover buyer,4,,,,
362,  How do we differentiate between an interview and an interrogation?,4,,,,
363, Differentiate between the following terms along with appropriate examples,4,,,,
364, Differentiate the following functions using the quotient rule,4,,,,
365, Can you differentiate between ethnic Chinese and ethnic Koreans,4,,,,
366, How would you differentiate obstructive apneas from central apneas,4,,,,
367, How would you differentiate a project from a program,4,,,,
368, How is scientific progress similar to Darwinian evolution according to Kuhn,4,,,,
369," in what ways is oxyperoxidase similar to other oxygenated heme proteins, and how does it differ",4,,,,
370, In what ways are foxes similar to wolves and dogs,4,,,,
371,  How are the adolescents with ASD similar of different from each other in their sources of communication breakdowns ?,4,,,,
372, Examine the data in the EMPLOYEES and DEPARTMENTS tables,4,,,,
373,  Examine the differences between the model excluding the most influential observation and the model including all observations,4,,,,
374, Critically examine the strengths and weaknesses of the positivist paradigm,4,,,,
375, Examine differences between the means of each individual switching factor,4,,,,
376,  Examine carefully the given map extract on the following page to help you work out the exercise below,4,,,,
377,"  Inspect each of these Boolean expressions, and determine whether each one is a sum of products, or a product of sums",4,,,,
378,  Inspect the size of the loaded data: how many objects and variables does the iris data matrix contain?,4,,,,
379,  Can you distinguish for me between what is reasonably  achievable and what are  exaggerations,4,,,,
380, Can you distinguish aged rums from unaged rums by smell,4,,,,
381, Can you distinguish pot still rums from column still rums by taste,4,,,,
382," Inspect the pattern of GPS positions relative to the ""known"" published value",4,,,,
383, How does your agency inspect against its expectation for operators,4,,,,
384, How to inspect and maintain fresh water plumbing systems properly,4,,,,
385, Can you analyze the fractures and determine which should be repaired surgically,4,,,,
386, Can you please analyze modern contemporary culture and tell me how your work plays a significant part in the remains of our post-modernist culture ?,4,,,,
387," How effectively did students analyze course content on race, class, and privilege through autobiographical reflection",4,,,,
388, How do you analyze a marginally RCT,4,,,,
389," Contrast the treatment of ""well known"" trademarks provided by Paris Article and by TRIPS Article",4,,,,
390, Contrast the Valles Marineris on Mars with the Grand Canyon,4,,,,
391, How does Hawaii contrast and compare to Florida?,4,,,,
392, Investigate whether or not the system can be solved for x; y; z,4,,,,
393, Investigate (pointwise) convergence and absolute convergence of the given series of functions,4,,,,
394, How would you investigate this patient,4,,,,
395, How would you investigate this abnormality,4,,,,
396, What can I do to investigate this problem further,4,,,,
397, how the investigation was undertaken,4,,,,
398, How would you differentiate between heterodox and mainstream,4,,,,
399," How do I differentiate between ""deceive"" and ""cheat on""?",4,,,,
400, Apply and integrate several different strategies to solve a mathematical problem (not according to one formula(,5,,,,
401, Can you create new and unusual uses for ,5,,,,
402, Can you design a ,5,,,,
403, Can you develop a proposal which would ,5,,,,
404, Can you invent another character for the story?,5,,,,
405, Can you see a possible solution to ,5,,,,
406, Can you write a new recipe for a tasty dish?,5,,,,
407, Choose a character,5,,,,
408, Combine any two sports to develop a new Olympic sport,5,,,,
409," Combine elements of drama, music, and dance into a stage presentation",5,,,,
410, Compose a class story,5,,,,
411, Compose a dialogue between Atticus Finch and Tom Robinson when they first met,5,,,,
412, Compose a rhythm or put new words to a known melody,5,,,,
413, Compose a simple rap or rhyme about zoo animals,5,,,,
414, Compose music for a frog play,5,,,,
415, Compose a complete C program that reads text strings from a text file into a suitable data,5,,,,
416, Compose a device that would assist an athlete in their training,5,,,,
417, Compose an original work which incorporates five common materials in sculpture,5,,,,
418, Compose your own note-taking design that incorporates all theadvantages of the Cornell Method,5,,,,
419, Create a chart that compares things that use electricity and things that do NOT use electricity,5,,,,
420, Create a new product,5,,,,
421," Create a new song for the opening line of ""Mary had a little lamb""",5,,,,
422, Create a set of guidelines to determine the points of a plant susceptible to localized corrosion,5,,,,
423, Create a storyboard for a sequel to your book,5,,,,
424, Create an equation to represent the solution to this problem,5,,,,
425, Create and perform a play about frogs,5,,,,
426, Create plan of local environment by drawing around boxes,5,,,,
427, Design a building according to given specifications,5,,,,
428, design a cost effective strategy to generate reliable data,5,,,,
429, Design a machine to perform a specific task,5,,,,
430, Design a new animal to live in the jungle,5,,,,
431, Design a poster for this book,5,,,,
432, Design a testing scenario to assess the susceptibility of an alloy to be used in a given environment?,5,,,,
433, Design and make an animal that moves,5,,,,
434, Design costumes for the characters,5,,,,
435, Design the architecture of the software system based on the requirements defined in the Software Requirement Specification document,5,,,,
436, Develop a hypothesis,5,,,,
437, Develop a plan for a new Olympic Bid System,5,,,,
438, Develop a SQA Plan for a software development project which is defined in the attached document,5,,,,
439," Develop a way to teach the concept of ""adjectives""",5,,,,
440, Develop one plausible ending for all three short stories below,5,,,,
441, Devise a new economic system based on the ones that already exist,5,,,,
442, Devise plans to market or make artwork more valuable,5,,,,
443, Draw a painting that uses various principles of perspective to achieve its effect,5,,,,
444," Explain how the biological concept of symbiotic relationships could be used to help solve socially created problems like water pollution, overflowing garbage landfills, or homelessness",5,,,,
445, Explain why it is likely that a matriarchal family system would be found in a matrilocal or matrilineal society,5,,,,
446," Following the identification of the forms of corrosion that were involved in a failure, recommend a solution to avoid this failure?",5,,,,
447, Given two opposing theories design an experiment to compare them,5,,,,
448, How could we determine the number of pennies in a jar without counting them?,5,,,,
449, How could you re-write this story with a city setting?,5,,,,
450," how do the clauses and expressions given in the article which replace GOTO statements, lead to the three traditional control statements",5,,,,
451, How many ways can you ,5,,,,
452, How would the U,5,,,,
453, How would you change the story to create a different ending?,5,,,,
454, How would you create/design a new,5,,,,
455, How would you restructure the school day to reflect children's developmental needs?,5,,,,
456, Identify one problem in the book and give an alternate solution one not given by the author,5,,,,
457, If you had access to all resources how would you deal with ,5,,,,
458, Integrate training from several sources to solve a problem,5,,,,
459, Invent a machine to do a specific task,5,,,,
460, Justify your choice of data structure,5,,,,
461, Make a radio announcement that advertise the book,5,,,,
462, Make up a new language code and write material using it,5,,,,
463, Name one character,5,,,,
464, Organize this book into three or more sections and give your own subtitle for each section,5,,,,
465, Plan a research paper on a given historical topic,5,,,,
466, Predict the differences of a planet with no seasonal changes,5,,,,
467, Prepare a book jacket that illustrates the kind of book as well as the story,5,,,,
468, Pretend you are a librarian recommending this book to someone,5,,,,
469, Revise and process to improve the outcome,5,,,,
470, Revise how to complete a complex task in order to improve the outcome,5,,,,
471, Revises and process to improve the outcome,5, ,,,
472," structure, sorts the list in ascending order, displays the list on the screen and stores the list",5, ,,,
473, Suppose Phillip wasn't rescued shortly after Timothy's death,5, ,,,
474," Using information from the book about one of the main characters, rewrite the ending of the book",5,,,,
475, What ideas can you add to,5, ,,,
476, What might happen if you combined,5,,,,
477, What solutions would you suggest for,5,,,,
478, What would happen if ,5,,,,
479, What would you predict/infer from,5,,,,
480, Why don't you devise your own way to deal with ,5,,,,
481, Why not compose a song about ,5,,,,
482," Write a C program that accepts integer inputs from the screen, computes the total and average values; and displays the values on the screen",5,,,,
483, Write a letter to the editor on a social issue of concern to you,5,,,,
484, Write a logically organized argument in favor of a given position,5,,,,
485, Write a poem about this book,5,,,,
486, Write a set of rules to prevent what happened in the story,5,,,,
487, Write a short story relating a personal experience in the style of a picaresque novel,5,,,,
488, Write a song about 'Old MacDonald' who had a bulldozer instead of a farm,5,,,,
489, Write an essay in not more than 250 words about India and Technological Advancement,5,,,,
490, How do you combine the results of various individual tests to determine whether a student can progress to a next semester / phase / year?,5,,,,
491,  How can we combine and abstract facts about a software system to create new knowledge?,5,,,,
492, How to combine virtual symmetry and symbolic model checking effectively,5,,,,
493, How do we efficiently combine multiple subject graphs to construct an aig with choice,5,,,,
494, how do we devise a way to enforce the laws,5,,,,
495, can you devise an explicit formula for,5,,,,
496, Do you devise a systematic approach in order to get larger progressions,5,,,,
497, Develop and execute a program for this exercise,5,,,,
498,  Develop a network based on the following information: Activity Immediate predecessors,5,,,,
499, How could we develop a coherent measure of success for organisations engaged in this type of activity with young people?,5,,,,
500," After designing an experiment, examining the results, and drawing conclusions, determines in what ways the experiment could be conducted more effectively in order to draw more productive conclusions in the future",6,,,,
501," After examining the videotape of a play in a football game, determine the degree to which the defensive team performed effectively and",6,,,,
502," After solving a problem, determine the degree to which the problem was solved as efficiently as possible",6,,,,
503, Appraise data in support of a hypothesis,6,,,,
504, Appraise the speech's effectiveness based upon the class' criteria,6,,,,
505, Are there students who should not use the Cornell method?,6,,,,
506, Are you a ,6,,,,
507, Assess the appropriateness of an author's conclusions based on the evidence given,6,,,,
508, Assess the importance of understanding seasonal patters,6,,,,
509, Assess the relative effectiveness of different graphical representations of the same data or biological concept,6,,,,
510, Assess the strengths and weaknesses of the current Olympics and recommend action that should be taken in future Olympics: What can be,6,,,,
511, Award the contract to the best proposal,6,,,,
512, Can you defend the idea that Simon's incident with the pig's head is the most mystical in the story?,6,,,,
513, Can you defend your position about ,6,,,,
514, Choose a paint schedule for the maintenance of an outdoor structure? (level 2),6,,,,
515, Choose and illustrate the two most important events in the story,6,,,,
516, Conclude and support which economic system leads to a higher standard of living,6,,,,
517, Construct a poster that will advertise your new food product in an exciting and irresistible way,6,,,,
518, Critique an experimental design or a research proposal,6,,,,
519," Critique the other student's (or your own) speech, based on the criteria we have studied this semester",6,,,,
520, Decide whether you are in favor of building on a floodplain; defend your position in a debate,6,,,,
521, Decide whether you could have survived on the island blind and alone,6, ,,,
522, Decide whether you learned enough about electricity from this book,6,,,,
523, Decide which candidate would best fill the position of principal,6,,,,
524, Decide which course of action was most effective,6,,,,
525, Decide which method of solving a problem was most effective,6,,,,
526, Defend the following claim: The Cornell method works so well that it could turn even a poor lecture into a valuable learning experience,6,,,,
527, Defend your use of a specific strategy in solving the problem,6, ,,,
528, Describe the economic consequence of a neolocal society,6,,,,
529, Design a healthy menu that you think most people would enjoy using the healthy eating guide,6,,,,
530, Determine if a character's actions were heroic,6,,,,
531, Do you agree,6,,,,
532, Do you think ,6,,,,
533, Establish criteria for making this choice and defend your final selection,6,,,,
534," Evaluate a work of art, giving the reasons for your evaluation",6,,,,
535, Evaluate appropriate and inappropriate actions of characters,6,,,,
536, Evaluate board games and justify why rules are important,6,,,,
537, Evaluate the corrosion monitoring needs of a chemical processing plant,6,,,,
538, Evaluate the level of galvanic coupling between two metals using basic kinetic information? (level 4),6,,,,
539, Evaluate two Internet sources of information about the Egyptians,6,,,,
540, Evaluate whether their model is a true representation of the local environment,6,,,,
541, Evaluate your own or a peer's essay in terms of the principles of composition discussed during the semester,6,,,,
542, Examine the stated positions of both major political candidates with regard to a particular issue and state good reasons (based on principles discussed in class) for why one candidates position is more likely to be effective than the other's,6,,,,
543, Explain and justify a new budget,6,,,,
544, Explain choices made in making recommendations to an end user,6,,,,
545," Given an argument on any position, enumerate the logical fallacies in that argument",6,,,,
546," Given the data available on a research question, take a position and defend it",6,,,,
547," Given the data we've looked at on this topic, evaluate how appropriate this conclusion is and defend your answer",6,,,,
548," Given the two solutions to the stated programming problem, rate the solutions in  terms of efficiency and readability",6, ,,,
549," Given three possible approaches to implement the defined system, discuss the possible advantages and disadvantages of each approach",6,,,,
550," Given two possible solutions, A and B, to solving the given software development problem, decide on the best solution",6, ,,,
551, How effective are ,6, ,,,
552, How would you decide about,6,,,,
553, How would you feel if ,6,,,,
554, How would you have handled ,6,,,,
555," improved, reformed or rejected?",6,,,,
556," In a given clinical situation, select the most reasonable intervention and predict the main effects and possible side effects",6,,,,
557, Is there a better solution to ,6,,,,
558, Judge aesthetic qualities and relationship to future values,6,,,,
559, judge the difficulty level for yourself,6,,,,
560, Judge the value of ,6,,,,
561, Judge whether it would be possible to survive on an island alone and blinded,6,,,,
562, Judge whether Olympic Ideals are realistic or unrealistic for the contemporary elite athlete,6,,,,
563, Justify and nominate ways to prevent animal extinction,6,,,,
564, Justify the title To Kill a Mockingbird ,6,,,,
565, Listen to two classmates conversing on tape and critique their performance on the basis of the skills covered this semester,6,,,,
566, Place the following in order of priority,6,,,,
567, Predict what will happen next in,6,,,,
568, Predict whether Phillip will ever go back to visit the Cay after several years of recovery,6,,,,
569, Recommend how our classroom or playground could be improved,6,,,,
570, Select the best proposal for a proposed water treatment plant,6,,,,
571, Select the most effective solution,6,,,,
572, suggest ways in which it could have responded more effectively,6,,,,
573, decide about the most exciting part of the book,6,,,,
574, Use a judge and jury to discuss the statement 'Children enjoy Anthony Browne's books because of the illustrations',6,,,,
575," Using straight value depreciation, decide between two copper-nickel alloys for the design of a heat exchanger",6,,,,
576," Using the basic principles of socialism discussed in this course, evaluate the US economic system by providing key arguments to support your judgment",6,,,,
577, Was Hemingway a great American writer? First you will need to define greatness,6,,,,
578, What changes to ,6,,,,
579, What criteria would you use to assess the validity of a business contract?,6,,,,
580, What criteria would you use to assess,6,,,,
581, What do you think about ,6,,,,
582, What is part of this book did you like best,6, ,,,
583, What is the most important,6,,,,
584, Which of the following actions would probably be least effective in determining the answer?,6,,,,
585," Which of the two algorithms, bubblesort or quicksort, is more efficient? Justify your answer",6,,,,
586, Would you have liked to have had Cinderella for a sister? Explain why or why not,6,,,,
587, Write a list of criteria to judge the Willy raps,6,,,,
588, Revise the story and specify the type of audience that would enjoy this book,6,,,,
589,  Estimate the epicentral coordinates of the earth-quake,6, ,,,
590,  Estimate the risk of serious illness for consumers in different susceptible population groups,6,,,,
591, Estimate expenditure on HIV/AIDS education,6,,,,
592, Estimate the difficulty of the question,6,,,,
593, Estimate roughly how long the collision process takes,6,,,,
594, What do you think is the best thing about coming to Viestal?,6,,,,
595, What do you think is the mass and why,6,,,,
596, What do you think are the strengths of using integrated math in your program?,6,,,,
597, Do you think that this statement conveys the idea that i am trying to portray,6,,,,
598, How do you think the community should grow or change,6,,,,
599, How Do You Think One Should Reason in Making Ethical Decisions in Business,6,,,,
